Entidad federativa,Grupo quinquenal de edad,1990,1995,2000,2005,2010,2020
Estados Unidos Mexicanos,Total,  81 249 645,  91 158 290,  97 483 412,  103 263 388,  112 336 538,  126 014 024
Estados Unidos Mexicanos,0 a 4 años,  10 195 178,  10 724 100,  10 635 157,  10 186 243,  10 528 322,  10 047 365
Estados Unidos Mexicanos,5 a 9 años,  10 562 234,  10 867 563,  11 215 323,  10 511 738,  11 047 537,  10 764 379
Estados Unidos Mexicanos,10 a 14 años,  10 389 092,  10 670 048,  10 736 493,  10 952 123,  10 939 937,  10 943 540
Estados Unidos Mexicanos,15 a 19 años,  9 664 403,  10 142 071,  9 992 135,  10 109 021,  11 026 112,  10 806 690
Estados Unidos Mexicanos,20 a 24 años,  7 829 163,  9 397 424,  9 071 134,  8 964 629,  9 892 271,  10 422 095
Estados Unidos Mexicanos,25 a 29 años,  6 404 512,  7 613 090,  8 157 743,  8 103 358,  8 788 177,  9 993 001
Estados Unidos Mexicanos,30 a 34 años,  5 387 619,  6 564 605,  7 136 523,  7 933 951,  8 470 798,  9 420 827
Estados Unidos Mexicanos,35 a 39 años,  4 579 116,  5 820 178,  6 352 538,  7 112 526,  8 292 987,  9 020 276
Estados Unidos Mexicanos,40 a 44 años,  3 497 770,  4 434 317,  5 194 833,  6 017 268,  7 009 226,  8 503 586
Estados Unidos Mexicanos,45 a 49 años,  2 971 860,  3 612 452,  4 072 091,  5 015 255,  5 928 730,  7 942 413
Estados Unidos Mexicanos,50 a 54 años,  2 393 791,  2 896 049,  3 357 953,  4 090 650,  5 064 291,  7 037 532
Estados Unidos Mexicanos,55 a 59 años,  1 894 484,  2 231 897,  2 559 231,  3 117 071,  3 895 365,  5 695 958
Estados Unidos Mexicanos,60 a 64 años,  1 611 317,  1 941 953,  2 198 146,  2 622 476,  3 116 466,  4 821 062
Estados Unidos Mexicanos,65 a 69 años,  1 183 651,  1 425 809,  1 660 785,  1 958 069,  2 317 265,  3 645 077
Estados Unidos Mexicanos,70 a 74 años,   827 027,  1 079 803,  1 245 674,  1 496 691,  1 873 934,  2 647 340
Estados Unidos Mexicanos,75 a 79 años,   590 836,   666 196,   865 270,  1 048 315,  1 245 483,  1 814 582
Estados Unidos Mexicanos,80 a 84 años,   401 832,   434 120,   483 876,   657 011,   798 936,  1 175 364
Estados Unidos Mexicanos,85 a 89 años,   225 450,   252 802,   290 051,   345 154,   454 164,   659 245
Estados Unidos Mexicanos,90 a 94 años,   91 189,   105 150,   122 006,   132 325,   164 924,   266 806
Estados Unidos Mexicanos,95 a 99 años,   37 689,   49 764,   62 892,   61 145,   65 732,   95 205
Estados Unidos Mexicanos,100 años y más,   19 167,   14 046,   19 757,   17 649,   18 475,   18 295
Estados Unidos Mexicanos,No especificado,   492 265,   214 853,  2 053 801,  2 810 720,  1 397 406,   273 386
Aguascalientes,Total,   719 659,   862 720,   944 285,  1 065 416,  1 184 996,  1 425 607
Aguascalientes,0 a 4 años,   98 013,   112 429,   116 137,   118 536,   121 557,   124 430
Aguascalientes,5 a 9 años,   98 158,   107 680,   117 375,   120 130,   128 874,   131 048
Aguascalientes,10 a 14 años,   94 971,   104 083,   108 532,   120 280,   123 806,   129 717
Aguascalientes,15 a 19 años,   87 750,   97 061,   99 577,   107 007,   121 428,   131 967
Aguascalientes,20 a 24 años,   69 577,   88 901,   87 508,   93 139,   106 305,   127 020
Aguascalientes,25 a 29 años,   55 660,   71 839,   79 200,   83 073,   93 604,   118 426
Aguascalientes,30 a 34 años,   46 833,   62 217,   70 317,   82 651,   88 726,   106 825
Aguascalientes,35 a 39 años,   38 127,   52 549,   60 839,   73 006,   86 254,   99 257
Aguascalientes,40 a 44 años,   29 392,   40 131,   49 365,   61 553,   73 084,   92 378
Aguascalientes,45 a 49 años,   23 788,   31 678,   37 541,   49 233,   60 198,   84 669
Aguascalientes,50 a 54 años,   18 093,   24 525,   30 202,   39 222,   49 980,   74 121
Aguascalientes,55 a 59 años,   14 905,   17 646,   22 094,   29 196,   37 543,   58 865
Aguascalientes,60 a 64 años,   13 035,   15 900,   17 759,   23 168,   29 258,   48 306
Aguascalientes,65 a 69 años,   10 091,   11 870,   13 752,   16 290,   21 004,   35 823
Aguascalientes,70 a 74 años,   6 731,   9 452,   10 714,   12 912,   15 254,   25 586
Aguascalientes,75 a 79 años,   5 378,   5 771,   7 754,   9 203,   10 673,   16 581
Aguascalientes,80 a 84 años,   3 661,   3 892,   4 336,   6 155,   7 228,   10 186
Aguascalientes,85 a 89 años,   2 221,   2 428,   2 726,   3 140,   4 061,   5 576
Aguascalientes,90 a 94 años,    715,    975,   1 169,   1 302,   1 467,   2 410
Aguascalientes,95 a 99 años,    237,    380,    542,    503,    551,    796
Aguascalientes,100 años y más,    78,    59,    102,    98,    109,    112
Aguascalientes,No especificado,   2 245,   1 254,   6 744,   15 619,   4 032,   1 508
Baja California,Total,  1 660 855,  2 112 140,  2 487 367,  2 844 469,  3 155 070,  3 769 020
Baja California,0 a 4 años,   202 831,   257 856,   268 682,   267 954,   293 234,   266 301
Baja California,5 a 9 años,   185 303,   238 928,   260 331,   277 635,   303 180,   299 654
Baja California,10 a 14 años,   180 428,   208 902,   226 758,   267 938,   305 472,   312 348
Baja California,15 a 19 años,   202 116,   215 142,   220 707,   255 309,   299 195,   315 639
Baja California,20 a 24 años,   184 182,   240 052,   231 966,   246 968,   286 479,   340 359
Baja California,25 a 29 años,   151 366,   208 348,   230 907,   241 951,   265 428,   328 244
Baja California,30 a 34 años,   122 683,   175 151,   197 807,   240 879,   264 023,   302 389
Baja California,35 a 39 años,   97 317,   143 144,   165 348,   208 125,   264 063,   292 069
Baja California,40 a 44 años,   71 766,   105 499,   126 564,   164 598,   215 049,   273 611
Baja California,45 a 49 años,   58 601,   80 606,   92 839,   128 512,   171 104,   260 844
Baja California,50 a 54 años,   47 458,   64 059,   73 548,   99 356,   136 690,   221 388
Baja California,55 a 59 años,   37 179,   47 838,   53 639,   71 624,   97 874,   168 653
Baja California,60 a 64 años,   30 769,   40 558,   44 174,   56 711,   75 229,   134 022
Baja California,65 a 69 años,   22 752,   29 724,   32 561,   40 660,   52 560,   94 704
Baja California,70 a 74 años,   14 420,   21 048,   23 192,   28 923,   37 742,   65 425
Baja California,75 a 79 años,   9 438,   12 270,   15 403,   18 815,   24 055,   40 874
Baja California,80 a 84 años,   5 456,   7 248,   8 005,   11 375,   14 744,   25 204
Baja California,85 a 89 años,   2 939,   3 702,   4 322,   5 453,   7 764,   12 451
Baja California,90 a 94 años,   1 027,   1 336,   1 675,   1 987,   2 641,   4 858
Baja California,95 a 99 años,    412,    572,    857,    792,    913,   1 512
Baja California,100 años y más,    189,    141,    266,    172,    206,    252
Baja California,No especificado,   32 223,   10 016,   207 816,   208 732,   37 425,   8 219
Baja California Sur,Total,   317 764,   375 494,   424 041,   512 170,   637 026,   798 447
Baja California Sur,0 a 4 años,   38 275,   42 732,   45 613,   49 069,   60 758,   62 455
Baja California Sur,5 a 9 años,   38 661,   42 977,   45 929,   49 164,   60 334,   66 933
Baja California Sur,10 a 14 años,   38 849,   41 165,   43 302,   48 106,   57 380,   67 665
Baja California Sur,15 a 19 años,   37 202,   40 586,   42 376,   46 700,   57 713,   65 469
Baja California Sur,20 a 24 años,   32 187,   39 231,   42 278,   46 222,   58 690,   66 743
Baja California Sur,25 a 29 años,   28 300,   34 454,   40 264,   45 939,   57 525,   68 798
Baja California Sur,30 a 34 años,   24 249,   30 976,   35 609,   43 628,   56 159,   67 779
Baja California Sur,35 a 39 años,   19 309,   26 784,   31 282,   38 197,   52 235,   64 927
Baja California Sur,40 a 44 años,   14 151,   19 764,   25 053,   31 526,   42 163,   59 389
Baja California Sur,45 a 49 años,   11 427,   14 905,   18 593,   25 121,   34 308,   51 771
Baja California Sur,50 a 54 años,   8 654,   11 611,   14 109,   19 430,   28 122,   43 337
Baja California Sur,55 a 59 años,   6 897,   8 618,   10 631,   13 781,   20 188,   33 731
Baja California Sur,60 a 64 años,   5 301,   6 868,   8 248,   10 783,   14 895,   27 095
Baja California Sur,65 a 69 años,   3 954,   5 061,   6 145,   7 544,   10 279,   19 274
Baja California Sur,70 a 74 años,   2 709,   3 560,   4 176,   5 254,   7 012,   12 545
Baja California Sur,75 a 79 años,   1 896,   2 353,   2 894,   3 488,   4 598,   8 166
Baja California Sur,80 a 84 años,   1 129,   1 430,   1 725,   2 154,   2 805,   4 649
Baja California Sur,85 a 89 años,    698,    795,    966,   1 168,   1 589,   2 556
Baja California Sur,90 a 94 años,    250,    321,    361,    440,    655,    936
Baja California Sur,95 a 99 años,    97,    149,    221,    177,    223,    332
Baja California Sur,100 años y más,    65,    35,    53,    45,    58,    55
Baja California Sur,No especificado,   3 504,   1 119,   4 213,   24 234,   9 337,   3 842
Campeche,Total,   535 185,   642 516,   690 689,   754 730,   822 441,   928 363
Campeche,0 a 4 años,   71 130,   80 026,   78 424,   73 461,   76 925,   78 935
Campeche,5 a 9 años,   72 228,   80 680,   83 090,   79 199,   78 299,   82 015
Campeche,10 a 14 años,   68 224,   77 875,   80 246,   83 597,   81 314,   80 168
Campeche,15 a 19 años,   60 846,   71 464,   73 769,   77 485,   82 920,   76 140
Campeche,20 a 24 años,   49 953,   64 693,   66 395,   70 006,   76 388,   75 556
Campeche,25 a 29 años,   41 646,   52 129,   57 599,   62 455,   68 197,   72 798
Campeche,30 a 34 años,   34 489,   45 219,   50 021,   59 665,   64 927,   72 709
Campeche,35 a 39 años,   31 017,   40 558,   45 603,   52 899,   61 896,   70 275
Campeche,40 a 44 años,   22 303,   30 851,   36 088,   43 896,   50 522,   64 170
Campeche,45 a 49 años,   18 748,   24 521,   28 962,   36 152,   42 811,   57 628
Campeche,50 a 54 años,   14 480,   18 502,   22 362,   29 746,   35 658,   50 254
Campeche,55 a 59 años,   11 782,   14 680,   16 699,   21 475,   28 316,   40 805
Campeche,60 a 64 años,   10 404,   12 842,   14 546,   17 979,   21 379,   32 778
Campeche,65 a 69 años,   7 175,   9 347,   10 683,   12 827,   15 079,   25 796
Campeche,70 a 74 años,   5 448,   7 362,   8 374,   9 830,   12 890,   17 559
Campeche,75 a 79 años,   3 362,   4 504,   5 787,   7 153,   8 320,   11 916
Campeche,80 a 84 años,   2 260,   2 674,   3 421,   4 407,   5 254,   7 536
Campeche,85 a 89 años,   1 193,   1 449,   1 777,   2 579,   3 209,   4 413
Campeche,90 a 94 años,    529,    682,    714,    890,   1 127,   1 768
Campeche,95 a 99 años,    236,    304,    414,    405,    479,    701
Campeche,100 años y más,    129,    125,    149,    140,    142,    149
Campeche,No especificado,   7 603,   2 029,   5 566,   8 484,   6 389,   4 294
Coahuila de Zaragoza,Total,  1 972 340,  2 173 775,  2 298 070,  2 495 200,  2 748 391,  3 146 771
Coahuila de Zaragoza,0 a 4 años,   230 050,   253 150,   253 171,   249 590,   258 246,   279 912
Coahuila de Zaragoza,5 a 9 años,   235 925,   241 326,   257 228,   257 277,   270 736,   276 224
Coahuila de Zaragoza,10 a 14 años,   251 883,   236 394,   234 659,   257 591,   268 193,   268 144
Coahuila de Zaragoza,15 a 19 años,   243 023,   240 739,   225 416,   231 405,   261 942,   269 284
Coahuila de Zaragoza,20 a 24 años,   198 192,   231 564,   223 857,   214 562,   230 132,   264 313
Coahuila de Zaragoza,25 a 29 años,   160 430,   187 979,   204 662,   206 859,   210 236,   245 917
Coahuila de Zaragoza,30 a 34 años,   136 866,   164 412,   179 690,   205 193,   216 325,   224 329
Coahuila de Zaragoza,35 a 39 años,   112 282,   143 230,   157 386,   180 228,   211 770,   219 634
Coahuila de Zaragoza,40 a 44 años,   88 783,   109 439,   128 951,   152 496,   177 554,   218 687
Coahuila de Zaragoza,45 a 49 años,   74 867,   90 101,   98 997,   126 257,   150 271,   205 202
Coahuila de Zaragoza,50 a 54 años,   61 385,   72 230,   82 932,   100 907,   125 961,   178 214
Coahuila de Zaragoza,55 a 59 años,   47 028,   56 802,   63 057,   77 889,   95 121,   142 215
Coahuila de Zaragoza,60 a 64 años,   40 013,   47 416,   53 853,   64 043,   77 527,   118 950
Coahuila de Zaragoza,65 a 69 años,   29 448,   35 309,   39 173,   47 679,   55 667,   84 422
Coahuila de Zaragoza,70 a 74 años,   19 256,   25 443,   28 943,   34 186,   42 832,   61 684
Coahuila de Zaragoza,75 a 79 años,   14 169,   15 572,   19 396,   23 529,   27 610,   39 801
Coahuila de Zaragoza,80 a 84 años,   9 569,   9 618,   10 102,   13 768,   17 076,   24 851
Coahuila de Zaragoza,85 a 89 años,   5 085,   5 983,   6 051,   6 882,   9 002,   12 495
Coahuila de Zaragoza,90 a 94 años,   1 715,   2 044,   2 420,   2 396,   2 959,   4 712
Coahuila de Zaragoza,95 a 99 años,    633,    873,   1 027,   1 056,   1 008,   1 408
Coahuila de Zaragoza,100 años y más,    277,    169,    253,    225,    263,    214
Coahuila de Zaragoza,No especificado,   11 461,   3 982,   26 846,   41 182,   37 960,   6 159
Colima,Total,   428 510,   488 028,   542 627,   567 996,   650 555,   731 391
Colima,0 a 4 años,   52 269,   54 512,   53 295,   51 929,   58 263,   52 313
Colima,5 a 9 años,   54 412,   57 304,   57 165,   53 742,   59 869,   60 049
Colima,10 a 14 años,   55 609,   57 444,   57 422,   56 990,   59 473,   60 801
Colima,15 a 19 años,   52 837,   55 665,   54 826,   56 534,   62 323,   60 663
Colima,20 a 24 años,   40 023,   50 183,   48 878,   50 049,   60 070,   59 343
Colima,25 a 29 años,   33 413,   39 747,   43 310,   44 660,   53 136,   58 035
Colima,30 a 34 años,   28 739,   35 694,   38 024,   44 016,   50 521,   57 436
Colima,35 a 39 años,   24 122,   32 099,   35 524,   39 605,   48 863,   54 566
Colima,40 a 44 años,   18 372,   24 674,   29 529,   34 968,   41 432,   51 179
Colima,45 a 49 años,   15 453,   19 427,   22 683,   28 969,   35 812,   47 133
Colima,50 a 54 años,   12 009,   15 550,   18 269,   23 348,   30 917,   41 541
Colima,55 a 59 años,   9 293,   11 815,   14 053,   17 614,   23 301,   34 819
Colima,60 a 64 años,   8 057,   9 813,   11 339,   14 442,   18 355,   29 795
Colima,65 a 69 años,   6 631,   7 519,   8 777,   10 530,   13 806,   22 071
Colima,70 a 74 años,   5 054,   6 251,   6 599,   7 947,   10 239,   16 086
Colima,75 a 79 años,   3 497,   4 261,   5 086,   5 679,   6 976,   10 803
Colima,80 a 84 años,   2 222,   2 778,   3 129,   3 908,   4 565,   6 859
Colima,85 a 89 años,   1 246,   1 551,   1 879,   2 327,   2 906,   3 623
Colima,90 a 94 años,    528,    659,    760,    946,   1 259,   1 571
Colima,95 a 99 años,    224,    335,    397,    416,    499,    601
Colima,100 años y más,    135,    74,    128,    121,    123,    148
Colima,No especificado,   4 365,    673,   31 555,   19 256,   7 847,   1 956
Chiapas,Total,  3 210 496,  3 584 786,  3 920 892,  4 293 459,  4 796 580,  5 543 828
Chiapas,0 a 4 años,   489 348,   501 668,   483 372,   490 058,   540 459,   574 152
Chiapas,5 a 9 años,   492 534,   509 161,   518 550,   512 440,   554 692,   612 792
Chiapas,10 a 14 años,   438 235,   473 016,   488 791,   537 725,   549 896,   583 132
Chiapas,15 a 19 años,   364 776,   417 806,   433 517,   471 331,   530 233,   526 577
Chiapas,20 a 24 años,   290 946,   339 774,   361 994,   383 455,   438 019,   464 523
Chiapas,25 a 29 años,   242 845,   273 873,   292 960,   324 289,   366 537,   424 403
Chiapas,30 a 34 años,   189 068,   222 885,   242 588,   283 522,   335 370,   396 045
Chiapas,35 a 39 años,   172 594,   207 954,   226 620,   257 320,   307 983,   372 863
Chiapas,40 a 44 años,   122 305,   151 151,   174 699,   210 437,   246 620,   329 204
Chiapas,45 a 49 años,   106 102,   124 169,   141 959,   176 142,   212 924,   284 333
Chiapas,50 a 54 años,   80 547,   96 273,   110 635,   139 301,   174 407,   243 848
Chiapas,55 a 59 años,   59 003,   71 025,   83 843,   103 667,   137 559,   196 355
Chiapas,60 a 64 años,   52 373,   61 519,   72 099,   98 728,   110 499,   158 726
Chiapas,65 a 69 años,   31 946,   40 548,   49 327,   63 469,   78 922,   125 777
Chiapas,70 a 74 años,   26 198,   31 734,   37 597,   46 845,   68 500,   85 855
Chiapas,75 a 79 años,   15 980,   18 589,   23 858,   31 858,   39 750,   63 158
Chiapas,80 a 84 años,   12 562,   13 071,   14 768,   19 141,   24 678,   38 245
Chiapas,85 a 89 años,   5 934,   6 412,   7 712,   10 593,   13 513,   21 839
Chiapas,90 a 94 años,   3 403,   3 612,   3 896,   4 097,   5 569,   8 853
Chiapas,95 a 99 años,   1 578,   1 848,   2 309,   2 352,   2 583,   3 855
Chiapas,100 años y más,   1 354,   1 074,   1 241,   1 267,   1 467,   1 449
Chiapas,No especificado,   10 865,   17 624,   148 557,   125 422,   56 400,   27 844
Chihuahua,Total,  2 441 873,  2 793 537,  3 052 907,  3 241 444,  3 406 465,  3 741 869
Chihuahua,0 a 4 años,   291 158,   330 996,   334 521,   320 384,   322 676,   291 286
Chihuahua,5 a 9 años,   285 488,   320 170,   341 921,   324 350,   335 064,   317 322
Chihuahua,10 a 14 años,   282 115,   293 173,   306 679,   322 642,   324 661,   333 715
Chihuahua,15 a 19 años,   299 267,   291 853,   290 939,   300 186,   322 034,   326 333
Chihuahua,20 a 24 años,   254 240,   299 966,   280 013,   267 506,   285 872,   314 067
Chihuahua,25 a 29 años,   205 168,   254 432,   272 404,   250 016,   255 036,   298 299
Chihuahua,30 a 34 años,   167 343,   216 249,   242 428,   257 676,   251 304,   275 644
Chihuahua,35 a 39 años,   134 488,   181 098,   207 365,   233 533,   259 968,   263 669
Chihuahua,40 a 44 años,   106 890,   134 678,   162 697,   193 322,   222 756,   251 983
Chihuahua,45 a 49 años,   94 003,   110 031,   121 932,   153 968,   183 153,   248 522
Chihuahua,50 a 54 años,   79 277,   93 325,   103 012,   119 550,   149 069,   219 930
Chihuahua,55 a 59 años,   60 363,   74 656,   81 615,   92 987,   108 607,   173 639
Chihuahua,60 a 64 años,   51 221,   63 150,   71 437,   80 050,   89 542,   140 861
Chihuahua,65 a 69 años,   36 349,   45 828,   51 719,   62 659,   68 809,   100 944
Chihuahua,70 a 74 años,   24 255,   32 628,   37 728,   45 078,   54 419,   74 018
Chihuahua,75 a 79 años,   18 040,   19 503,   24 488,   29 983,   34 386,   50 265
Chihuahua,80 a 84 años,   11 485,   12 527,   12 813,   17 235,   20 704,   31 387
Chihuahua,85 a 89 años,   5 634,   7 069,   7 526,   8 045,   10 184,   15 250
Chihuahua,90 a 94 años,   1 969,   2 387,   2 770,   2 931,   3 294,   5 376
Chihuahua,95 a 99 años,    644,    988,   1 242,   1 078,   1 101,   1 477
Chihuahua,100 años y más,    318,    218,    329,    224,    286,    243
Chihuahua,No especificado,   32 158,   8 612,   97 329,   158 041,   103 540,   7 639
Ciudad de México,Total,  8 235 744,  8 489 007,  8 605 239,  8 720 916,  8 851 080,  9 209 944
Ciudad de México,0 a 4 años,   833 591,   780 705,   737 934,   664 092,   618 245,   479 904
Ciudad de México,5 a 9 años,   837 642,   785 466,   764 094,   671 579,   658 948,   563 907
Ciudad de México,10 a 14 años,   837 766,   781 808,   742 986,   704 950,   660 345,   608 962
Ciudad de México,15 a 19 años,   976 029,   848 416,   798 349,   740 280,   723 372,   650 389
Ciudad de México,20 a 24 años,   898 114,   964 075,   832 517,   765 641,   753 404,   714 605
Ciudad de México,25 a 29 años,   778 695,   826 960,   840 487,   735 441,   726 696,   752 289
Ciudad de México,30 a 34 años,   659 098,   725 263,   731 452,   755 600,   702 642,   743 611
Ciudad de México,35 a 39 años,   544 706,   643 428,   655 973,   678 990,   722 214,   705 850
Ciudad de México,40 a 44 años,   417 720,   499 935,   556 565,   596 540,   629 563,   670 307
Ciudad de México,45 a 49 años,   338 444,   402 093,   441 804,   515 878,   555 481,   668 945
Ciudad de México,50 a 54 años,   274 523,   325 253,   373 595,   441 077,   506 310,   623 483
Ciudad de México,55 a 59 años,   223 519,   235 829,   269 845,   329 553,   392 186,   526 447
Ciudad de México,60 a 64 años,   192 053,   212 782,   227 283,   263 228,   315 793,   469 514
Ciudad de México,65 a 69 años,   145 729,   158 713,   175 174,   192 699,   227 625,   356 196
Ciudad de México,70 a 74 años,   95 658,   119 920,   134 345,   164 150,   179 329,   267 744
Ciudad de México,75 a 79 años,   70 158,   71 291,   92 943,   110 512,   124 499,   175 215
Ciudad de México,80 a 84 años,   44 999,   46 687,   51 638,   72 725,   85 121,   117 480
Ciudad de México,85 a 89 años,   25 300,   26 414,   30 845,   35 912,   47 170,   66 316
Ciudad de México,90 a 94 años,   9 038,   10 508,   12 237,   14 084,   17 225,   28 780
Ciudad de México,95 a 99 años,   3 060,   4 126,   5 012,   5 176,   5 797,   9 066
Ciudad de México,100 años y más,    988,    685,   1 163,    952,   1 089,   1 308
Ciudad de México,No especificado,   28 914,   18 650,   128 998,   261 857,   198 026,   9 626
Durango,Total,  1 349 378,  1 431 748,  1 448 661,  1 509 117,  1 632 934,  1 832 650
Durango,0 a 4 años,   177 249,   175 246,   168 897,   158 588,   161 700,   167 600
Durango,5 a 9 años,   182 860,   180 229,   177 062,   165 488,   166 853,   176 033
Durango,10 a 14 años,   189 988,   175 910,   172 365,   171 314,   167 180,   170 271
Durango,15 a 19 años,   165 463,   165 403,   150 569,   156 434,   166 366,   162 990
Durango,20 a 24 años,   121 376,   140 244,   129 322,   124 920,   143 377,   153 588
Durango,25 a 29 años,   96 432,   109 163,   113 003,   111 556,   117 714,   141 107
Durango,30 a 34 años,   80 561,   95 654,   100 022,   110 058,   115 294,   129 526
Durango,35 a 39 años,   68 315,   83 865,   90 218,   99 365,   112 837,   118 830
Durango,40 a 44 años,   54 334,   64 382,   73 203,   85 571,   96 859,   114 976
Durango,45 a 49 años,   48 644,   54 268,   57 469,   70 558,   82 516,   108 070
Durango,50 a 54 años,   41 529,   45 710,   48 972,   57 570,   70 274,   97 009
Durango,55 a 59 años,   33 821,   37 306,   39 206,   45 386,   53 875,   79 997
Durango,60 a 64 años,   28 239,   33 863,   36 689,   40 026,   44 693,   66 536
Durango,65 a 69 años,   20 214,   24 605,   27 761,   31 835,   34 601,   49 727
Durango,70 a 74 años,   13 507,   17 811,   20 362,   24 425,   29 733,   36 956
Durango,75 a 79 años,   10 397,   10 563,   13 433,   16 824,   19 595,   25 689
Durango,80 a 84 años,   7 515,   7 168,   6 877,   9 837,   12 039,   17 026
Durango,85 a 89 años,   3 908,   4 640,   4 431,   4 700,   6 079,   9 042
Durango,90 a 94 años,   1 468,   1 612,   1 906,   1 784,   1 953,   3 333
Durango,95 a 99 años,    553,    692,    886,    798,    753,   1 012
Durango,100 años y más,    208,    189,    255,    243,    235,    157
Durango,No especificado,   2 797,   3 225,   15 753,   21 837,   28 408,   3 175
Guanajuato,Total,  3 982 593,  4 406 568,  4 663 032,  4 893 812,  5 486 372,  6 166 934
Guanajuato,0 a 4 años,   542 798,   561 702,   564 593,   527 480,   547 466,   538 846
Guanajuato,5 a 9 años,   552 143,   561 618,   582 207,   551 459,   579 121,   547 545
Guanajuato,10 a 14 años,   547 837,   557 242,   560 147,   569 357,   580 600,   549 301
Guanajuato,15 a 19 años,   479 117,   513 332,   501 053,   504 643,   570 965,   552 092
Guanajuato,20 a 24 años,   367 907,   443 945,   435 713,   425 409,   493 167,   540 587
Guanajuato,25 a 29 años,   285 440,   345 170,   371 568,   377 109,   425 291,   501 868
Guanajuato,30 a 34 años,   238 296,   292 316,   322 249,   361 384,   407 712,   462 332
Guanajuato,35 a 39 años,   201 188,   255 552,   280 637,   321 689,   387 687,   439 045
Guanajuato,40 a 44 años,   153 691,   196 209,   229 441,   269 592,   324 654,   407 230
Guanajuato,45 a 49 años,   129 632,   157 073,   177 786,   219 520,   266 465,   365 660
Guanajuato,50 a 54 años,   106 186,   127 784,   146 282,   180 011,   225 760,   318 197
Guanajuato,55 a 59 años,   85 656,   96 922,   111 802,   135 455,   174 400,   250 808
Guanajuato,60 a 64 años,   77 502,   90 404,   98 676,   117 552,   140 229,   214 406
Guanajuato,65 a 69 años,   55 479,   67 006,   76 586,   87 450,   105 229,   161 765
Guanajuato,70 a 74 años,   40 520,   53 790,   62 089,   71 388,   86 650,   118 285
Guanajuato,75 a 79 años,   30 476,   31 365,   42 290,   51 797,   60 341,   81 110
Guanajuato,80 a 84 años,   23 359,   23 999,   23 925,   34 405,   42 362,   54 366
Guanajuato,85 a 89 años,   13 548,   14 196,   15 706,   17 077,   24 163,   31 747
Guanajuato,90 a 94 años,   5 367,   6 241,   7 235,   7 351,   8 603,   14 003
Guanajuato,95 a 99 años,   2 066,   2 681,   3 680,   3 392,   3 588,   5 009
Guanajuato,100 años y más,    873,    551,    878,    754,    766,    683
Guanajuato,No especificado,   43 512,   7 470,   48 489,   59 538,   31 153,   12 049
Guerrero,Total,  2 620 637,  2 916 567,  3 079 649,  3 115 202,  3 388 768,  3 540 685
Guerrero,0 a 4 años,   361 479,   388 050,   391 873,   345 731,   353 009,   335 458
Guerrero,5 a 9 años,   386 810,   399 798,   411 408,   377 826,   378 197,   351 010
Guerrero,10 a 14 años,   370 880,   387 415,   394 613,   396 125,   393 378,   348 493
Guerrero,15 a 19 años,   301 872,   336 443,   333 331,   332 940,   372 191,   326 540
Guerrero,20 a 24 años,   218 114,   265 340,   265 129,   252 404,   290 684,   281 967
Guerrero,25 a 29 años,   180 524,   205 582,   215 653,   212 665,   237 815,   256 191
Guerrero,30 a 34 años,   146 484,   177 944,   186 082,   198 099,   223 482,   237 976
Guerrero,35 a 39 años,   137 436,   165 407,   176 165,   181 518,   211 923,   222 157
Guerrero,40 a 44 años,   103 265,   126 571,   142 041,   158 810,   178 482,   209 120
Guerrero,45 a 49 años,   92 617,   106 096,   117 329,   135 306,   158 413,   190 778
Guerrero,50 a 54 años,   74 054,   86 328,   96 611,   112 818,   137 260,   174 072
Guerrero,55 a 59 años,   57 775,   67 228,   76 908,   89 468,   110 858,   148 972
Guerrero,60 a 64 años,   51 474,   63 816,   72 841,   80 235,   89 041,   126 765
Guerrero,65 a 69 años,   33 936,   42 877,   54 139,   66 040,   72 733,   104 196
Guerrero,70 a 74 años,   28 421,   35 686,   42 207,   50 403,   66 668,   77 444
Guerrero,75 a 79 años,   17 170,   20 694,   26 950,   34 974,   43 749,   58 071
Guerrero,80 a 84 años,   14 143,   14 734,   17 112,   21 597,   26 491,   39 210
Guerrero,85 a 89 años,   6 721,   7 581,   9 120,   11 675,   14 892,   23 532
Guerrero,90 a 94 años,   3 731,   3 822,   4 558,   4 612,   5 898,   9 187
Guerrero,95 a 99 años,   1 556,   2 028,   2 711,   2 520,   2 810,   3 950
Guerrero,100 años y más,   1 094,    894,   1 224,   1 126,   1 186,   1 179
Guerrero,No especificado,   31 081,   12 233,   41 644,   48 310,   19 608,   14 417
Hidalgo,Total,  1 888 366,  2 112 473,  2 235 591,  2 345 514,  2 665 018,  3 082 841
Hidalgo,0 a 4 años,   246 015,   252 617,   243 558,   237 423,   255 202,   238 189
Hidalgo,5 a 9 años,   269 371,   265 590,   277 830,   243 185,   271 181,   269 553
Hidalgo,10 a 14 años,   260 049,   269 753,   271 378,   270 650,   263 026,   283 676
Hidalgo,15 a 19 años,   210 593,   239 592,   235 368,   237 675,   269 602,   272 506
Hidalgo,20 a 24 años,   160 396,   201 620,   195 771,   196 494,   226 170,   238 187
Hidalgo,25 a 29 años,   137 762,   162 352,   172 960,   175 226,   201 034,   231 124
Hidalgo,30 a 34 años,   117 480,   141 617,   155 351,   173 306,   197 047,   224 226
Hidalgo,35 a 39 años,   106 107,   132 294,   143 447,   159 174,   191 131,   221 410
Hidalgo,40 a 44 años,   77 683,   98 208,   117 852,   135 441,   162 857,   211 048
Hidalgo,45 a 49 años,   70 768,   83 345,   95 309,   116 547,   140 325,   194 567
Hidalgo,50 a 54 años,   54 437,   65 824,   77 766,   93 857,   120 304,   171 679
Hidalgo,55 a 59 años,   43 533,   51 647,   60 808,   73 161,   95 265,   139 795
Hidalgo,60 a 64 años,   37 433,   44 554,   51 719,   65 005,   74 476,   118 929
Hidalgo,65 a 69 años,   28 339,   33 606,   40 119,   46 738,   57 669,   93 011
Hidalgo,70 a 74 años,   21 014,   26 160,   30 440,   35 516,   48 068,   66 179
Hidalgo,75 a 79 años,   14 328,   17 386,   21 911,   25 653,   31 279,   47 263
Hidalgo,80 a 84 años,   9 644,   10 546,   12 770,   16 502,   19 997,   29 997
Hidalgo,85 a 89 años,   5 340,   6 056,   7 406,   9 117,   12 043,   17 421
Hidalgo,90 a 94 años,   2 384,   2 712,   3 268,   3 470,   4 577,   7 213
Hidalgo,95 a 99 años,   1 153,   1 473,   1 835,   1 703,   1 952,   3 020
Hidalgo,100 años y más,    728,    514,    660,    621,    654,    642
Hidalgo,No especificado,   13 809,   5 007,   18 065,   29 050,   21 159,   3 206
Jalisco,Total,  5 302 689,  5 991 176,  6 322 002,  6 752 113,  7 350 682,  8 348 151
Jalisco,0 a 4 años,   671 649,   701 617,   703 272,   674 285,   694 948,   670 983
Jalisco,5 a 9 años,   695 463,   717 968,   720 270,   688 681,   727 075,   718 100
Jalisco,10 a 14 años,   681 667,   715 201,   708 813,   697 206,   714 393,   714 906
Jalisco,15 a 19 años,   643 430,   676 896,   673 570,   669 724,   715 003,   716 259
Jalisco,20 a 24 años,   491 687,   615 402,   589 706,   601 671,   669 088,   704 359
Jalisco,25 a 29 años,   390 128,   482 529,   529 194,   523 866,   592 033,   668 334
Jalisco,30 a 34 años,   337 131,   413 098,   453 186,   509 541,   548 117,   639 006
Jalisco,35 a 39 años,   289 603,   365 641,   397 738,   448 698,   535 234,   602 903
Jalisco,40 a 44 años,   231 557,   291 118,   334 653,   379 829,   446 601,   549 859
Jalisco,45 a 49 años,   190 247,   237 708,   264 177,   318 734,   371 541,   511 537
Jalisco,50 a 54 años,   151 319,   192 416,   224 975,   267 921,   324 277,   444 689
Jalisco,55 a 59 años,   120 026,   143 341,   169 779,   208 005,   254 380,   357 080
Jalisco,60 a 64 años,   105 816,   125 183,   140 629,   172 579,   210 465,   313 011
Jalisco,65 a 69 años,   85 330,   95 384,   108 075,   126 101,   155 337,   240 553
Jalisco,70 a 74 años,   64 662,   79 247,   84 182,   96 044,   118 204,   181 420
Jalisco,75 a 79 años,   47 547,   53 066,   63 716,   69 383,   80 747,   120 885
Jalisco,80 a 84 años,   30 814,   36 385,   39 463,   48 147,   53 964,   76 495
Jalisco,85 a 89 años,   17 241,   19 954,   24 151,   27 217,   32 720,   41 507
Jalisco,90 a 94 años,   7 097,   8 299,   9 701,   11 502,   13 596,   17 725
Jalisco,95 a 99 años,   2 805,   3 510,   4 405,   4 526,   5 206,   6 381
Jalisco,100 años y más,   1 158,    820,   1 097,   1 027,   1 084,   1 108
Jalisco,No especificado,   46 312,   16 393,   77 250,   207 426,   86 669,   51 051
México,Total,  9 815 795,  11 707 964,  13 096 686,  14 007 495,  15 175 862,  16 992 418
México,0 a 4 años,  1 229 996,  1 364 484,  1 366 320,  1 373 064,  1 426 612,  1 276 386
México,5 a 9 años,  1 284 167,  1 382 651,  1 447 047,  1 362 065,  1 498 274,  1 381 132
México,10 a 14 años,  1 248 189,  1 344 420,  1 363 554,  1 410 691,  1 429 028,  1 464 549
México,15 a 19 años,  1 198 496,  1 305 765,  1 307 977,  1 334 112,  1 467 148,  1 476 665
México,20 a 24 años,  1 010 653,  1 295 228,  1 250 900,  1 250 151,  1 364 380,  1 415 159
México,25 a 29 años,   834 509,  1 058 142,  1 154 041,  1 152 407,  1 233 854,  1 367 527
México,30 a 34 años,   709 181,   913 299,  1 008 308,  1 147 320,  1 198 515,  1 283 264
México,35 a 39 años,   584 990,   793 800,   883 172,  1 016 457,  1 193 988,  1 254 296
México,40 a 44 años,   429 384,   586 683,   706 988,   839 324,  1 003 492,  1 197 089
México,45 a 49 años,   348 862,   457 065,   535 083,   682 173,   831 164,  1 145 882
México,50 a 54 años,   264 020,   349 220,   422 987,   539 308,   695 328,  1 007 077
México,55 a 59 años,   200 166,   251 155,   303 755,   388 919,   509 884,   795 711
México,60 a 64 años,   156 005,   204 472,   242 540,   305 945,   392 349,   661 100
México,65 a 69 años,   112 907,   145 024,   178 159,   215 924,   270 138,   475 398
México,70 a 74 años,   69 215,   101 342,   123 108,   156 324,   200 542,   330 905
México,75 a 79 años,   49 615,   59 674,   84 377,   102 977,   129 423,   212 562
México,80 a 84 años,   31 272,   34 930,   41 618,   61 530,   78 893,   130 480
México,85 a 89 años,   19 588,   21 492,   25 874,   31 282,   44 498,   71 307
México,90 a 94 años,   7 312,   8 673,   10 206,   11 029,   14 612,   26 950
México,95 a 99 años,   3 497,   4 715,   6 030,   5 264,   5 814,   9 294
México,100 años y más,   1 510,   1 000,   1 792,   1 334,   1 378,   1 458
México,No especificado,   22 261,   24 730,   632 850,   619 895,   186 548,   8 227
Michoacán de Ocampo,Total,  3 548 199,  3 870 604,  3 985 667,  3 966 073,  4 351 037,  4 748 846
Michoacán de Ocampo,0 a 4 años,   468 480,   467 147,   453 339,   400 054,   425 698,   429 837
Michoacán de Ocampo,5 a 9 años,   491 674,   499 020,   492 453,   426 654,   434 860,   441 618
Michoacán de Ocampo,10 a 14 años,   496 659,   501 490,   498 316,   462 479,   443 721,   426 869
Michoacán de Ocampo,15 a 19 años,   431 353,   457 894,   436 043,   423 624,   453 827,   407 743
Michoacán de Ocampo,20 a 24 años,   311 727,   370 671,   357 857,   332 440,   392 338,   390 431
Michoacán de Ocampo,25 a 29 años,   240 995,   281 231,   294 099,   284 690,   322 064,   367 568
Michoacán de Ocampo,30 a 34 años,   203 845,   244 357,   255 792,   273 154,   303 108,   345 272
Michoacán de Ocampo,35 a 39 años,   176 749,   221 033,   233 456,   247 470,   290 448,   318 438
Michoacán de Ocampo,40 a 44 años,   139 854,   173 986,   196 428,   216 455,   247 704,   299 299
Michoacán de Ocampo,45 a 49 años,   118 842,   141 762,   154 267,   182 586,   212 627,   270 544
Michoacán de Ocampo,50 a 54 años,   101 422,   118 272,   132 493,   153 673,   188 305,   243 599
Michoacán de Ocampo,55 a 59 años,   81 634,   91 798,   102 326,   120 402,   147 873,   202 399
Michoacán de Ocampo,60 a 64 años,   75 014,   88 981,   94 498,   104 898,   122 951,   178 844
Michoacán de Ocampo,65 a 69 años,   53 580,   65 207,   75 177,   84 325,   96 347,   140 009
Michoacán de Ocampo,70 a 74 años,   42 296,   54 355,   61 639,   69 195,   83 990,   106 332
Michoacán de Ocampo,75 a 79 años,   28 987,   32 765,   42 177,   50 678,   58 813,   74 938
Michoacán de Ocampo,80 a 84 años,   22 110,   23 993,   25 242,   33 279,   40 032,   51 154
Michoacán de Ocampo,85 a 89 años,   11 618,   13 194,   15 131,   17 681,   23 160,   30 976
Michoacán de Ocampo,90 a 94 años,   5 454,   5 932,   6 983,   7 330,   8 949,   13 255
Michoacán de Ocampo,95 a 99 años,   2 240,   2 925,   3 764,   3 683,   3 839,   5 246
Michoacán de Ocampo,100 años y más,   1 287,    931,   1 216,   1 046,   1 046,    945
Michoacán de Ocampo,No especificado,   42 379,   13 660,   52 971,   70 277,   49 337,   3 530
Morelos,Total,  1 195 059,  1 442 662,  1 555 296,  1 612 899,  1 777 227,  1 971 520
Morelos,0 a 4 años,   143 093,   167 226,   160 901,   150 281,   155 669,   145 439
Morelos,5 a 9 años,   151 548,   166 248,   173 589,   157 253,   166 908,   158 935
Morelos,10 a 14 años,   153 841,   166 885,   166 002,   168 541,   167 487,   164 177
Morelos,15 a 19 años,   145 197,   161 301,   156 544,   155 301,   175 625,   166 654
Morelos,20 a 24 años,   112 583,   147 558,   137 988,   134 191,   155 671,   162 146
Morelos,25 a 29 años,   92 584,   117 551,   123 189,   119 236,   133 544,   154 595
Morelos,30 a 34 años,   80 162,   103 465,   109 174,   118 659,   128 812,   143 404
Morelos,35 a 39 años,   69 744,   95 595,   100 957,   108 333,   129 072,   135 994
Morelos,40 a 44 años,   51 951,   72 003,   84 779,   94 307,   111 381,   130 539
Morelos,45 a 49 años,   44 861,   58 154,   66 776,   81 012,   97 105,   124 378
Morelos,50 a 54 años,   36 413,   46 219,   53 966,   67 341,   86 282,   114 284
Morelos,55 a 59 años,   31 036,   36 749,   41 813,   51 112,   66 904,   96 124
Morelos,60 a 64 años,   25 391,   33 014,   36 295,   43 128,   53 604,   84 475
Morelos,65 a 69 años,   19 143,   25 504,   30 268,   33 653,   40 104,   65 650
Morelos,70 a 74 años,   11 909,   18 175,   22 033,   26 836,   32 988,   47 846
Morelos,75 a 79 años,   8 825,   10 844,   15 196,   19 198,   23 535,   33 189
Morelos,80 a 84 años,   6 335,   6 555,   7 620,   11 620,   14 917,   21 954
Morelos,85 a 89 años,   3 888,   4 469,   4 953,   5 851,   8 567,   13 278
Morelos,90 a 94 años,   1 671,   1 918,   2 081,   2 162,   2 702,   5 327
Morelos,95 a 99 años,    680,   1 076,   1 260,   1 104,   1 134,   1 844
Morelos,100 años y más,    303,    251,    409,    390,    327,    340
Morelos,No especificado,   3 901,   1 902,   59 503,   63 390,   24 889,    948
Nayarit,Total,   824 643,   896 702,   920 185,   949 684,  1 084 979,  1 235 456
Nayarit,0 a 4 años,   103 227,   103 803,   100 288,   92 384,   106 044,   103 601
Nayarit,5 a 9 años,   109 363,   110 505,   107 577,   96 834,   104 943,   113 942
Nayarit,10 a 14 años,   112 910,   110 790,   107 654,   103 122,   104 308,   113 335
Nayarit,15 a 19 años,   99 779,   102 913,   97 866,   97 519,   107 191,   104 256
Nayarit,20 a 24 años,   70 005,   86 384,   81 566,   79 031,   96 693,   97 500
Nayarit,25 a 29 años,   56 622,   66 502,   72 014,   69 847,   82 067,   92 542
Nayarit,30 a 34 años,   49 504,   58 527,   62 272,   69 251,   79 520,   90 577
Nayarit,35 a 39 años,   44 384,   53 925,   57 414,   62 553,   78 128,   85 180
Nayarit,40 a 44 años,   34 689,   43 229,   49 594,   54 176,   64 675,   81 357
Nayarit,45 a 49 años,   30 609,   35 862,   40 204,   47 294,   55 916,   75 138
Nayarit,50 a 54 años,   25 661,   29 721,   33 520,   39 727,   48 769,   64 958
Nayarit,55 a 59 años,   20 264,   24 833,   27 584,   31 623,   39 899,   54 507
Nayarit,60 a 64 años,   17 158,   20 521,   23 746,   27 893,   32 069,   47 698
Nayarit,65 a 69 años,   13 413,   16 025,   18 487,   21 551,   25 368,   37 876
Nayarit,70 a 74 años,   10 358,   12 263,   13 556,   15 830,   21 066,   27 774
Nayarit,75 a 79 años,   7 592,   8 483,   9 933,   11 271,   13 928,   19 910
Nayarit,80 a 84 años,   4 885,   5 638,   6 070,   7 228,   8 690,   13 039
Nayarit,85 a 89 años,   2 657,   3 085,   3 838,   4 184,   5 111,   7 093
Nayarit,90 a 94 años,   1 121,   1 252,   1 450,   1 694,   2 113,   2 773
Nayarit,95 a 99 años,    465,    633,    680,    788,    799,    996
Nayarit,100 años y más,    252,    156,    238,    222,    247,    236
Nayarit,No especificado,   9 725,   1 652,   4 634,   15 662,   7 435,   1 168
Nuevo León,Total,  3 098 736,  3 550 114,  3 834 141,  4 199 292,  4 653 458,  5 784 442
Nuevo León,0 a 4 años,   331 519,   372 590,   396 563,   396 832,   413 360,   454 909
Nuevo León,5 a 9 años,   350 558,   360 813,   385 771,   403 641,   430 525,   463 819
Nuevo León,10 a 14 años,   369 459,   360 951,   355 194,   381 498,   415 368,   462 720
Nuevo León,15 a 19 años,   388 480,   390 485,   373 807,   372 986,   406 428,   471 896
Nuevo León,20 a 24 años,   337 524,   412 575,   391 235,   381 072,   401 723,   503 826
Nuevo León,25 a 29 años,   267 335,   336 502,   369 135,   364 392,   384 086,   488 349
Nuevo León,30 a 34 años,   226 879,   283 907,   322 572,   368 549,   383 736,   448 470
Nuevo León,35 a 39 años,   180 402,   243 192,   272 200,   322 812,   383 357,   426 619
Nuevo León,40 a 44 años,   145 262,   183 087,   224 330,   265 277,   321 008,   409 490
Nuevo León,45 a 49 años,   121 838,   151 856,   168 680,   218 683,   260 606,   387 678
Nuevo León,50 a 54 años,   100 263,   122 905,   144 499,   172 436,   220 801,   334 439
Nuevo León,55 a 59 años,   75 104,   96 263,   109 729,   134 046,   162 140,   260 045
Nuevo León,60 a 64 años,   62 398,   77 359,   92 626,   108 646,   132 607,   217 238
Nuevo León,65 a 69 años,   46 095,   57 318,   65 875,   83 083,   96 803,   154 408
Nuevo León,70 a 74 años,   29 882,   41 030,   48 611,   59 373,   75 631,   115 822
Nuevo León,75 a 79 años,   23 068,   25 120,   33 324,   40 397,   48 049,   77 327
Nuevo León,80 a 84 años,   14 384,   16 178,   17 528,   24 628,   30 455,   50 350
Nuevo León,85 a 89 años,   7 963,   9 406,   10 634,   11 929,   16 005,   25 023
Nuevo León,90 a 94 años,   2 486,   3 497,   4 154,   4 738,   5 394,   10 365
Nuevo León,95 a 99 años,    910,   1 256,   1 741,   1 817,   1 874,   3 097
Nuevo León,100 años y más,    334,    267,    380,    376,    460,    420
Nuevo León,No especificado,   16 593,   3 557,   45 553,   82 081,   63 042,   18 132
Oaxaca,Total,  3 019 560,  3 228 895,  3 438 765,  3 506 821,  3 801 962,  4 132 148
Oaxaca,0 a 4 años,   410 741,   402 105,   395 993,   357 272,   373 371,   359 853
Oaxaca,5 a 9 años,   452 387,   436 486,   458 507,   394 779,   399 632,   388 759
Oaxaca,10 a 14 años,   422 710,   434 282,   443 874,   443 980,   414 392,   398 362
Oaxaca,15 a 19 años,   324 057,   358 526,   364 876,   366 868,   406 873,   358 708
Oaxaca,20 a 24 años,   245 537,   281 574,   288 035,   281 999,   313 523,   310 307
Oaxaca,25 a 29 años,   205 136,   223 026,   239 657,   243 386,   268 969,   307 124
Oaxaca,30 a 34 años,   174 609,   198 336,   213 839,   230 648,   259 112,   289 279
Oaxaca,35 a 39 años,   158 367,   183 926,   199 131,   210 256,   244 019,   276 496
Oaxaca,40 a 44 años,   122 750,   143 539,   167 187,   185 440,   208 666,   259 478
Oaxaca,45 a 49 años,   114 456,   123 361,   139 877,   161 350,   187 021,   233 971
Oaxaca,50 a 54 años,   93 382,   103 778,   116 999,   136 431,   163 536,   210 438
Oaxaca,55 a 59 años,   77 251,   83 816,   96 806,   107 316,   134 078,   179 408
Oaxaca,60 a 64 años,   68 702,   78 424,   89 096,   102 856,   110 092,   155 780
Oaxaca,65 a 69 años,   48 631,   55 762,   68 801,   77 317,   90 363,   127 194
Oaxaca,70 a 74 años,   35 881,   43 471,   52 015,   61 759,   80 884,   93 692
Oaxaca,75 a 79 años,   24 056,   28 012,   36 889,   44 826,   55 599,   73 118
Oaxaca,80 a 84 años,   17 595,   18 426,   22 243,   29 144,   35 768,   50 714
Oaxaca,85 a 89 años,   9 700,   9 835,   12 144,   15 726,   21 170,   31 435
Oaxaca,90 a 94 años,   4 323,   4 457,   5 243,   5 751,   7 840,   12 630
Oaxaca,95 a 99 años,   1 879,   2 299,   2 871,   2 870,   3 406,   4 898
Oaxaca,100 años y más,   1 070,    731,   1 013,    992,   1 047,   1 116
Oaxaca,No especificado,   6 340,   14 723,   23 669,   45 855,   22 601,   9 388
Puebla,Total,  4 126 101,  4 624 365,  5 076 686,  5 383 133,  5 779 829,  6 583 278
Puebla,0 a 4 años,   549 465,   574 929,   578 641,   579 804,   574 513,   578 779
Puebla,5 a 9 años,   587 427,   594 003,   623 917,   586 108,   620 386,   598 550
Puebla,10 a 14 años,   566 985,   591 644,   600 452,   624 075,   604 845,   603 375
Puebla,15 a 19 años,   471 300,   526 378,   532 196,   548 971,   604 094,   607 200
Puebla,20 a 24 años,   369 823,   447 281,   460 965,   474 429,   511 685,   570 646
Puebla,25 a 29 años,   295 479,   351 785,   384 326,   411 939,   441 558,   528 289
Puebla,30 a 34 años,   250 317,   299 213,   332 646,   384 349,   420 492,   475 854
Puebla,35 a 39 años,   220 557,   275 167,   297 693,   340 799,   394 961,   457 864
Puebla,40 a 44 años,   166 092,   207 950,   243 578,   283 374,   328 556,   425 089
Puebla,45 a 49 años,   148 058,   175 518,   197 500,   242 420,   279 425,   382 865
Puebla,50 a 54 años,   118 670,   139 750,   162 662,   197 862,   240 020,   334 597
Puebla,55 a 59 años,   99 683,   113 605,   127 639,   154 041,   188 919,   269 080
Puebla,60 a 64 años,   85 006,   100 868,   111 996,   133 552,   150 565,   229 364
Puebla,65 a 69 años,   63 979,   76 919,   89 492,   100 862,   115 990,   177 876
Puebla,70 a 74 años,   45 259,   57 670,   67 351,   78 396,   96 685,   128 374
Puebla,75 a 79 años,   31 992,   38 212,   48 685,   58 514,   67 019,   91 494
Puebla,80 a 84 años,   22 198,   22 993,   27 369,   36 177,   43 367,   60 354
Puebla,85 a 89 años,   13 525,   14 447,   16 421,   20 730,   26 380,   36 491
Puebla,90 a 94 años,   5 691,   6 218,   7 044,   7 209,   9 528,   14 770
Puebla,95 a 99 años,   2 545,   3 474,   4 142,   3 919,   3 845,   5 631
Puebla,100 años y más,   1 338,   1 010,   1 288,   1 187,   1 057,   1 065
Puebla,No especificado,   10 712,   5 331,   160 683,   114 416,   55 939,   5 671
Querétaro,Total,  1 051 235,  1 250 476,  1 404 306,  1 598 139,  1 827 937,  2 368 467
Querétaro,0 a 4 años,   146 179,   159 062,   163 581,   162 841,   178 916,   187 893
Querétaro,5 a 9 años,   149 342,   159 715,   174 551,   168 900,   183 541,   196 969
Querétaro,10 a 14 años,   140 664,   155 971,   164 074,   178 589,   182 608,   198 601
Querétaro,15 a 19 años,   125 235,   145 338,   152 906,   162 541,   187 241,   198 141
Querétaro,20 a 24 años,   100 487,   130 819,   136 899,   146 713,   168 520,   209 039
Querétaro,25 a 29 años,   81 606,   103 287,   119 099,   130 500,   153 300,   214 139
Querétaro,30 a 34 años,   67 780,   89 066,   103 722,   126 438,   145 169,   194 576
Querétaro,35 a 39 años,   55 252,   77 155,   90 271,   109 689,   138 438,   182 743
Querétaro,40 a 44 años,   40 378,   56 445,   72 087,   91 576,   114 275,   165 728
Querétaro,45 a 49 años,   33 968,   43 552,   53 778,   73 238,   93 449,   149 832
Querétaro,50 a 54 años,   25 959,   33 922,   41 725,   57 129,   76 870,   125 857
Querétaro,55 a 59 años,   21 099,   25 227,   31 402,   40 621,   56 288,   97 903
Querétaro,60 a 64 años,   17 638,   21 951,   25 807,   33 692,   42 991,   80 729
Querétaro,65 a 69 años,   13 200,   15 847,   19 724,   24 520,   31 562,   57 833
Querétaro,70 a 74 años,   8 951,   12 377,   15 069,   18 292,   24 701,   40 979
Querétaro,75 a 79 años,   6 927,   7 532,   10 678,   13 166,   16 494,   27 417
Querétaro,80 a 84 años,   4 961,   5 166,   5 795,   8 367,   10 760,   17 321
Querétaro,85 a 89 años,   2 880,   3 162,   3 719,   4 475,   6 400,   9 975
Querétaro,90 a 94 años,   1 199,   1 288,   1 683,   1 700,   2 344,   4 195
Querétaro,95 a 99 años,    486,    639,    868,    840,    922,   1 531
Querétaro,100 años y más,    187,    140,    231,    184,    207,    242
Querétaro,No especificado,   6 857,   2 815,   16 637,   44 128,   12 941,   6 824
Quintana Roo,Total,   493 277,   703 536,   874 963,  1 135 309,  1 325 578,  1 857 985
Quintana Roo,0 a 4 años,   71 097,   96 834,   105 575,   107 380,   133 228,   147 731
Quintana Roo,5 a 9 años,   66 069,   87 369,   105 081,   106 802,   126 996,   155 388
Quintana Roo,10 a 14 años,   58 780,   77 546,   90 648,   106 745,   121 308,   154 281
Quintana Roo,15 a 19 años,   55 940,   75 509,   88 870,   102 042,   128 650,   147 549
Quintana Roo,20 a 24 años,   54 226,   81 267,   94 752,   103 377,   135 549,   164 989
Quintana Roo,25 a 29 años,   46 170,   72 421,   90 750,   97 203,   130 616,   184 447
Quintana Roo,30 a 34 años,   35 950,   58 722,   77 734,   93 113,   120 654,   175 133
Quintana Roo,35 a 39 años,   28 267,   45 621,   61 416,   78 570,   111 169,   161 472
Quintana Roo,40 a 44 años,   19 006,   31 617,   43 641,   59 687,   86 941,   136 731
Quintana Roo,45 a 49 años,   14 626,   23 400,   31 473,   43 595,   64 630,   117 045
Quintana Roo,50 a 54 años,   10 415,   16 174,   23 169,   32 692,   48 629,   94 160
Quintana Roo,55 a 59 años,   7 518,   11 398,   15 498,   23 000,   34 052,   66 985
Quintana Roo,60 a 64 años,   5 735,   8 972,   11 995,   16 414,   24 478,   49 321
Quintana Roo,65 a 69 años,   3 980,   5 655,   7 861,   10 845,   15 430,   34 204
Quintana Roo,70 a 74 años,   2 724,   4 227,   5 226,   7 226,   10 761,   21 678
Quintana Roo,75 a 79 años,   1 607,   2 473,   3 641,   4 657,   6 453,   12 688
Quintana Roo,80 a 84 años,    978,   1 392,   1 984,   2 770,   3 639,   7 421
Quintana Roo,85 a 89 años,    477,    710,   1 006,   1 499,   2 070,   3 775
Quintana Roo,90 a 94 años,    233,    303,    361,    477,    761,   1 332
Quintana Roo,95 a 99 años,    111,    142,    227,    205,    297,    531
Quintana Roo,100 años y más,    56,    63,    109,    70,    76,    102
Quintana Roo,No especificado,   9 312,   1 721,   13 946,   136 940,   19 191,   21 022
San Luis Potosí,Total,  2 003 187,  2 200 763,  2 299 360,  2 410 414,  2 585 518,  2 822 255
San Luis Potosí,0 a 4 años,   270 709,   279 967,   268 764,   253 580,   247 057,   230 931
San Luis Potosí,5 a 9 años,   278 401,   278 902,   290 504,   266 312,   268 914,   242 727
San Luis Potosí,10 a 14 años,   271 005,   277 578,   277 667,   285 397,   270 154,   252 780
San Luis Potosí,15 a 19 años,   231 951,   246 271,   241 303,   247 158,   269 673,   253 797
San Luis Potosí,20 a 24 años,   176 897,   206 873,   198 991,   198 562,   219 720,   232 129
San Luis Potosí,25 a 29 años,   142 709,   164 964,   173 542,   173 849,   189 105,   220 964
San Luis Potosí,30 a 34 años,   119 334,   143 446,   155 396,   171 383,   180 250,   204 288
San Luis Potosí,35 a 39 años,   102 364,   127 109,   139 428,   155 867,   175 642,   191 969
San Luis Potosí,40 a 44 años,   80 896,   98 704,   115 022,   134 538,   152 372,   180 174
San Luis Potosí,45 a 49 años,   72 233,   83 724,   91 334,   113 281,   131 221,   169 453
San Luis Potosí,50 a 54 años,   61 690,   69 022,   78 078,   92 388,   112 519,   153 736
San Luis Potosí,55 a 59 años,   49 815,   57 161,   62 406,   73 276,   87 476,   125 766
San Luis Potosí,60 a 64 años,   43 493,   51 004,   57 657,   65 308,   72 960,   107 635
San Luis Potosí,65 a 69 años,   31 872,   38 714,   44 101,   51 272,   56 671,   82 236
San Luis Potosí,70 a 74 años,   20 470,   29 252,   34 381,   40 409,   50 213,   63 157
San Luis Potosí,75 a 79 años,   16 253,   16 847,   24 001,   29 792,   34 695,   45 985
San Luis Potosí,80 a 84 años,   12 274,   12 110,   12 141,   19 149,   23 325,   32 252
San Luis Potosí,85 a 89 años,   7 510,   7 959,   8 117,   9 094,   13 437,   18 927
San Luis Potosí,90 a 94 años,   2 773,   3 550,   3 908,   3 817,   4 303,   8 052
San Luis Potosí,95 a 99 años,   1 136,   1 557,   1 982,   1 978,   1 824,   2 895
San Luis Potosí,100 años y más,    529,    403,    580,    515,    548,    460
San Luis Potosí,No especificado,   8 873,   5 646,   20 057,   23 489,   23 439,   1 942
Sinaloa,Total,  2 204 054,  2 425 675,  2 536 844,  2 608 442,  2 767 761,  3 026 943
Sinaloa,0 a 4 años,   268 247,   281 823,   280 226,   244 907,   252 443,   236 236
Sinaloa,5 a 9 años,   281 174,   283 285,   293 365,   262 539,   264 538,   250 496
Sinaloa,10 a 14 años,   297 270,   282 968,   282 780,   275 179,   270 555,   260 172
Sinaloa,15 a 19 años,   280 493,   283 114,   267 418,   256 624,   275 540,   261 581
Sinaloa,20 a 24 años,   208 619,   254 765,   240 944,   220 179,   242 907,   256 990
Sinaloa,25 a 29 años,   164 727,   195 551,   211 879,   196 928,   207 840,   232 316
Sinaloa,30 a 34 años,   143 223,   169 208,   182 741,   197 089,   207 002,   215 491
Sinaloa,35 a 39 años,   122 698,   153 271,   165 228,   177 043,   207 622,   205 540
Sinaloa,40 a 44 años,   96 614,   120 409,   140 257,   154 173,   176 453,   204 309
Sinaloa,45 a 49 años,   81 853,   97 272,   108 884,   130 129,   149 915,   192 589
Sinaloa,50 a 54 años,   65 843,   79 839,   91 022,   107 972,   131 472,   172 094
Sinaloa,55 a 59 años,   50 913,   62 917,   72 198,   84 875,   103 936,   143 385
Sinaloa,60 a 64 años,   41 621,   50 727,   60 539,   71 711,   83 594,   123 628
Sinaloa,65 a 69 años,   31 281,   37 861,   43 760,   53 783,   64 032,   95 056
Sinaloa,70 a 74 años,   23 040,   28 195,   32 080,   38 183,   51 023,   70 677
Sinaloa,75 a 79 años,   15 816,   18 345,   22 153,   26 535,   31 659,   49 051
Sinaloa,80 a 84 años,   9 823,   11 668,   13 422,   16 422,   19 463,   30 957
Sinaloa,85 a 89 años,   5 042,   6 781,   7 860,   9 116,   10 809,   15 827
Sinaloa,90 a 94 años,   2 127,   2 358,   2 930,   3 405,   4 102,   5 997
Sinaloa,95 a 99 años,    868,   1 151,   1 379,   1 432,   1 625,   1 923
Sinaloa,100 años y más,    470,    335,    459,    411,    418,    403
Sinaloa,No especificado,   12 292,   3 832,   15 320,   79 807,   10 813,   2 225
Sonora,Total,  1 823 606,  2 085 536,  2 216 969,  2 394 861,  2 662 480,  2 944 840
Sonora,0 a 4 años,   213 464,   239 515,   244 619,   234 936,   250 969,   218 345
Sonora,5 a 9 años,   216 768,   233 167,   246 494,   243 250,   259 950,   246 711
Sonora,10 a 14 años,   222 345,   225 173,   228 055,   240 901,   256 883,   258 791
Sonora,15 a 19 años,   217 889,   225 130,   218 530,   221 592,   251 510,   255 716
Sonora,20 a 24 años,   181 031,   219 665,   210 638,   201 924,   228 147,   247 003
Sonora,25 a 29 años,   150 981,   180 457,   195 388,   190 619,   207 251,   227 896
Sonora,30 a 34 años,   133 308,   159 506,   172 782,   191 733,   205 910,   215 004
Sonora,35 a 39 años,   108 248,   143 298,   154 516,   171 077,   202 731,   207 000
Sonora,40 a 44 años,   82 200,   108 710,   131 251,   147 464,   172 253,   203 895
Sonora,45 a 49 años,   69 626,   85 758,   99 234,   125 538,   147 842,   192 181
Sonora,50 a 54 años,   58 365,   69 920,   80 037,   99 848,   128 595,   170 705
Sonora,55 a 59 años,   45 439,   55 615,   61 747,   74 804,   97 274,   140 464
Sonora,60 a 64 años,   36 806,   45 734,   52 615,   61 504,   74 443,   121 603
Sonora,65 a 69 años,   27 864,   34 319,   38 990,   48 362,   56 240,   87 708
Sonora,70 a 74 años,   19 091,   24 339,   28 081,   33 784,   43 912,   61 882
Sonora,75 a 79 años,   12 855,   15 612,   19 133,   23 631,   28 060,   41 519
Sonora,80 a 84 años,   7 421,   8 887,   10 430,   13 538,   17 019,   26 144
Sonora,85 a 89 años,   3 769,   4 846,   5 569,   6 965,   8 961,   13 203
Sonora,90 a 94 años,   1 335,   1 536,   1 964,   2 323,   3 075,   4 727
Sonora,95 a 99 años,    473,    701,    872,    902,    940,   1 421
Sonora,100 años y más,    249,    183,    291,    214,    224,    197
Sonora,No especificado,   14 079,   3 465,   15 733,   59 952,   20 291,   2 725
Tabasco,Total,  1 501 744,  1 748 769,  1 891 829,  1 989 969,  2 238 603,  2 402 598
Tabasco,0 a 4 años,   208 115,   216 423,   213 787,   204 327,   223 692,   206 877
Tabasco,5 a 9 años,   216 441,   224 135,   228 831,   208 905,   225 061,   224 058
Tabasco,10 a 14 años,   206 256,   225 955,   228 638,   222 167,   220 776,   222 698
Tabasco,15 a 19 años,   176 664,   207 996,   212 731,   210 055,   224 257,   208 660
Tabasco,20 a 24 años,   144 409,   180 648,   187 604,   188 484,   206 842,   188 555
Tabasco,25 a 29 años,   121 375,   143 820,   159 811,   166 827,   185 871,   180 324
Tabasco,30 a 34 años,   96 541,   123 023,   137 071,   152 970,   174 392,   181 427
Tabasco,35 a 39 años,   84 135,   110 421,   127 391,   139 172,   164 922,   179 476
Tabasco,40 a 44 años,   57 204,   79 309,   97 004,   116 283,   136 000,   167 602
Tabasco,45 a 49 años,   48 189,   61 601,   76 068,   94 231,   116 426,   147 298
Tabasco,50 a 54 años,   37 849,   46 169,   56 490,   74 419,   95 109,   130 575
Tabasco,55 a 59 años,   29 098,   36 478,   42 339,   53 257,   72 350,   106 647
Tabasco,60 a 64 años,   23 288,   30 607,   36 344,   43 088,   51 726,   84 886
Tabasco,65 a 69 años,   15 455,   21 043,   26 854,   32 200,   38 728,   64 809
Tabasco,70 a 74 años,   11 589,   15 449,   18 952,   24 663,   32 532,   41 845
Tabasco,75 a 79 años,   7 825,   9 585,   12 879,   16 749,   21 048,   29 521
Tabasco,80 a 84 años,   5 634,   6 064,   7 156,   9 314,   12 257,   18 674
Tabasco,85 a 89 años,   3 210,   3 781,   4 324,   5 288,   7 134,   11 315
Tabasco,90 a 94 años,   1 601,   1 715,   2 081,   2 051,   2 669,   4 337
Tabasco,95 a 99 años,    847,    982,   1 225,   1 228,   1 297,   1 677
Tabasco,100 años y más,    612,    523,    573,    512,    536,    461
Tabasco,No especificado,   5 407,   3 042,   13 676,   23 779,   24 978,    876
Tamaulipas,Total,  2 249 581,  2 527 328,  2 753 222,  3 024 238,  3 268 554,  3 527 735
Tamaulipas,0 a 4 años,   256 810,   282 902,   296 314,   294 740,   302 937,   271 340
Tamaulipas,5 a 9 años,   260 284,   270 441,   294 747,   295 298,   305 122,   294 344
Tamaulipas,10 a 14 años,   268 815,   263 237,   270 114,   290 402,   294 469,   305 853
Tamaulipas,15 a 19 años,   273 793,   275 684,   271 411,   274 245,   291 682,   294 950
Tamaulipas,20 a 24 años,   231 171,   274 901,   272 292,   267 644,   275 453,   284 064
Tamaulipas,25 a 29 años,   188 111,   229 796,   252 514,   253 314,   258 116,   267 261
Tamaulipas,30 a 34 años,   157 309,   195 075,   222 680,   248 444,   255 313,   256 845
Tamaulipas,35 a 39 años,   127 147,   168 254,   190 906,   223 045,   250 586,   257 220
Tamaulipas,40 a 44 años,   100 806,   126 389,   154 690,   185 155,   213 736,   248 637
Tamaulipas,45 a 49 años,   87 714,   103 927,   116 567,   150 775,   177 182,   236 202
Tamaulipas,50 a 54 años,   74 561,   86 224,   98 820,   119 530,   147 748,   211 394
Tamaulipas,55 a 59 años,   59 066,   70 066,   76 894,   91 480,   109 317,   167 744
Tamaulipas,60 a 64 años,   48 780,   59 763,   67 945,   77 434,   89 766,   139 900
Tamaulipas,65 a 69 años,   35 940,   43 449,   50 474,   60 579,   66 138,   100 333
Tamaulipas,70 a 74 años,   21 998,   31 519,   36 696,   44 260,   53 619,   73 616
Tamaulipas,75 a 79 años,   17 318,   17 911,   24 953,   30 697,   35 422,   50 993
Tamaulipas,80 a 84 años,   11 754,   11 705,   12 307,   18 581,   22 387,   33 702
Tamaulipas,85 a 89 años,   6 873,   7 576,   7 883,   8 759,   12 078,   17 930
Tamaulipas,90 a 94 años,   2 163,   2 914,   3 307,   3 287,   3 852,   7 113
Tamaulipas,95 a 99 años,    806,   1 220,   1 680,   1 450,   1 427,   2 287
Tamaulipas,100 años y más,    346,    296,    429,    429,    408,    353
Tamaulipas,No especificado,   18 016,   4 079,   29 599,   84 690,   101 796,   5 654
Tlaxcala,Total,   761 277,   883 924,   962 646,  1 068 207,  1 169 936,  1 342 977
Tlaxcala,0 a 4 años,   98 004,   106 844,   108 862,   114 954,   116 073,   110 460
Tlaxcala,5 a 9 años,   107 483,   109 410,   115 925,   114 239,   123 330,   117 738
Tlaxcala,10 a 14 años,   104 575,   110 597,   110 488,   118 450,   118 634,   119 718
Tlaxcala,15 a 19 años,   89 788,   103 743,   106 450,   108 254,   119 172,   121 207
Tlaxcala,20 a 24 años,   71 689,   90 107,   95 999,   99 680,   104 781,   113 937
Tlaxcala,25 a 29 años,   57 606,   71 169,   79 360,   88 678,   93 720,   104 758
Tlaxcala,30 a 34 años,   48 100,   61 544,   69 785,   81 874,   90 612,   96 512
Tlaxcala,35 a 39 años,   39 473,   54 029,   61 295,   72 699,   84 560,   94 896
Tlaxcala,40 a 44 años,   29 399,   38 503,   48 701,   59 577,   71 030,   89 448
Tlaxcala,45 a 49 años,   25 549,   31 649,   36 434,   48 794,   58 822,   80 395
Tlaxcala,50 a 54 años,   20 869,   25 113,   29 923,   37 925,   49 362,   70 782
Tlaxcala,55 a 59 años,   17 599,   20 211,   22 869,   28 757,   36 171,   56 315
Tlaxcala,60 a 64 años,   14 949,   18 174,   20 010,   24 137,   28 530,   46 505
Tlaxcala,65 a 69 años,   12 043,   14 448,   16 582,   18 889,   21 997,   33 958
Tlaxcala,70 a 74 años,   8 284,   10 838,   12 377,   14 576,   17 497,   24 495
Tlaxcala,75 a 79 años,   6 354,   7 367,   9 585,   11 317,   13 009,   17 367
Tlaxcala,80 a 84 años,   4 143,   4 334,   5 308,   7 232,   8 741,   11 591
Tlaxcala,85 a 89 años,   2 832,   3 127,   3 366,   4 171,   5 477,   7 325
Tlaxcala,90 a 94 años,    985,   1 238,   1 392,   1 502,   1 997,   3 217
Tlaxcala,95 a 99 años,    530,    643,    828,    794,    794,   1 231
Tlaxcala,100 años y más,    176,    138,    200,    188,    187,    197
Tlaxcala,No especificado,    847,    698,   6 907,   11 520,   5 440,   20 925
Veracruz de Ignacio de la Llave,Total,  6 228 239,  6 737 324,  6 908 975,  7 110 214,  7 643 194,  8 062 579
Veracruz de Ignacio de la Llave,0 a 4 años,   777 420,   776 467,   728 473,   676 902,   662 288,   600 253
Veracruz de Ignacio de la Llave,5 a 9 años,   821 633,   808 231,   812 674,   720 700,   728 767,   675 182
Veracruz de Ignacio de la Llave,10 a 14 años,   795 938,   807 421,   797 328,   791 110,   741 526,   685 468
Veracruz de Ignacio de la Llave,15 a 19 años,   715 415,   735 362,   709 056,   710 167,   759 388,   681 548
Veracruz de Ignacio de la Llave,20 a 24 años,   589 326,   647 799,   593 263,   582 248,   642 093,   600 394
Veracruz de Ignacio de la Llave,25 a 29 años,   485 425,   543 854,   536 397,   517 828,   557 762,   580 421
Veracruz de Ignacio de la Llave,30 a 34 años,   405 322,   474 740,   498 825,   516 830,   539 685,   568 121
Veracruz de Ignacio de la Llave,35 a 39 años,   361 668,   432 316,   459 768,   496 595,   542 754,   558 791
Veracruz de Ignacio de la Llave,40 a 44 años,   276 466,   336 144,   380 702,   432 692,   486 810,   537 667
Veracruz de Ignacio de la Llave,45 a 49 años,   240 187,   284 928,   312 790,   369 611,   424 845,   516 152
Veracruz de Ignacio de la Llave,50 a 54 años,   194 181,   227 050,   259 882,   310 556,   365 591,   488 510
Veracruz de Ignacio de la Llave,55 a 59 años,   152 200,   183 424,   205 722,   247 750,   298 171,   408 710
Veracruz de Ignacio de la Llave,60 a 64 años,   127 548,   154 740,   178 582,   211 512,   239 698,   347 850
Veracruz de Ignacio de la Llave,65 a 69 años,   90 139,   112 997,   132 984,   159 801,   183 836,   279 233
Veracruz de Ignacio de la Llave,70 a 74 años,   63 720,   82 096,   97 101,   121 464,   155 346,   203 156
Veracruz de Ignacio de la Llave,75 a 79 años,   44 526,   51 656,   66 604,   85 434,   100 119,   145 737
Veracruz de Ignacio de la Llave,80 a 84 años,   29 753,   32 694,   36 758,   50 171,   62 627,   95 232
Veracruz de Ignacio de la Llave,85 a 89 años,   16 879,   19 582,   22 336,   27 716,   35 565,   54 398
Veracruz de Ignacio de la Llave,90 a 94 años,   7 843,   8 609,   9 608,   10 668,   13 213,   21 825
Veracruz de Ignacio de la Llave,95 a 99 años,   3 614,   4 665,   5 467,   5 679,   5 967,   8 304
Veracruz de Ignacio de la Llave,100 años y más,   2 389,   1 732,   2 261,   2 115,   2 186,   2 157
Veracruz de Ignacio de la Llave,No especificado,   26 647,   10 817,   62 394,   62 665,   94 957,   3 470
Yucatán,Total,  1 362 940,  1 556 622,  1 658 210,  1 818 948,  1 955 577,  2 320 898
Yucatán,0 a 4 años,   170 427,   178 063,   173 213,   169 575,   170 727,   175 986
Yucatán,5 a 9 años,   174 028,   182 490,   185 605,   176 491,   181 587,   186 122
Yucatán,10 a 14 años,   169 408,   180 223,   183 581,   188 049,   182 604,   189 137
Yucatán,15 a 19 años,   155 653,   170 674,   175 320,   183 960,   192 027,   196 363
Yucatán,20 a 24 años,   121 572,   157 458,   160 339,   171 550,   183 322,   199 525
Yucatán,25 a 29 años,   100 526,   120 066,   136 614,   147 473,   160 355,   190 975
Yucatán,30 a 34 años,   86 739,   105 949,   114 882,   139 475,   151 440,   183 035
Yucatán,35 a 39 años,   79 634,   95 371,   104 381,   118 211,   145 205,   174 099
Yucatán,40 a 44 años,   64 275,   79 077,   87 383,   103 126,   116 699,   161 231
Yucatán,45 a 49 años,   52 521,   68 487,   74 855,   86 897,   101 202,   146 033
Yucatán,50 a 54 años,   42 970,   51 694,   63 846,   76 900,   87 918,   122 358
Yucatán,55 a 59 años,   34 702,   41 577,   47 242,   61 894,   73 419,   103 183
Yucatán,60 a 64 años,   30 299,   35 797,   40 706,   48 236,   61 572,   86 773
Yucatán,65 a 69 años,   25 855,   27 734,   31 712,   38 247,   44 092,   72 318
Yucatán,70 a 74 años,   20 263,   23 662,   24 429,   28 422,   35 779,   53 224
Yucatán,75 a 79 años,   13 802,   16 966,   19 372,   21 195,   24 558,   35 612
Yucatán,80 a 84 años,   8 704,   9 959,   12 282,   14 293,   15 627,   22 476
Yucatán,85 a 89 años,   4 899,   5 616,   6 478,   8 573,   9 540,   12 224
Yucatán,90 a 94 años,   1 736,   2 127,   2 419,   2 818,   3 815,   4 647
Yucatán,95 a 99 años,    655,    794,   1 007,   1 110,   1 289,   1 556
Yucatán,100 años y más,    192,    147,    230,    182,    202,    205
Yucatán,No especificado,   4 080,   2 691,   12 314,   32 271,   12 598,   3 816
Zacatecas,Total,  1 276 323,  1 336 496,  1 353 610,  1 367 692,  1 490 668,  1 622 138
Zacatecas,0 a 4 años,   172 330,   160 610,   156 356,   143 830,   152 037,   151 745
Zacatecas,5 a 9 años,   176 489,   171 797,   164 225,   148 813,   151 780,   155 704
Zacatecas,10 a 14 años,   184 782,   173 536,   171 383,   156 277,   152 154,   151 355
Zacatecas,15 a 19 años,   158 599,   159 590,   145 464,   145 349,   150 499,   141 208
Zacatecas,20 a 24 años,   114 990,   126 861,   119 820,   112 509,   131 079,   130 238
Zacatecas,25 a 29 años,   84 807,   98 409,   101 757,   99 137,   107 817,   117 673
Zacatecas,30 a 34 años,   70 196,   84 527,   91 476,   97 454,   105 427,   114 442
Zacatecas,35 a 39 años,   58 426,   73 092,   79 770,   89 531,   101 327,   104 728
Zacatecas,40 a 44 años,   48 332,   55 923,   64 510,   76 065,   88 979,   102 682
Zacatecas,45 a 49 años,   44 527,   48 555,   50 907,   62 751,   74 010,   95 118
Zacatecas,50 a 54 años,   37 307,   41 667,   44 565,   50 399,   62 448,   86 207
Zacatecas,55 a 59 años,   31 117,   34 251,   37 283,   40 637,   47 741,   69 401
Zacatecas,60 a 64 años,   27 796,   32 177,   33 857,   37 993,   41 090,   58 039
Zacatecas,65 a 69 años,   20 901,   24 586,   27 493,   30 335,   34 106,   44 719
Zacatecas,70 a 74 años,   14 244,   19 451,   22 021,   24 798,   29 225,   35 100
Zacatecas,75 a 79 años,   11 582,   11 604,   15 781,   18 430,   21 022,   26 357
Zacatecas,80 a 84 años,   8 790,   8 671,   8 519,   12 212,   13 941,   18 058
Zacatecas,85 a 89 años,   5 132,   5 504,   5 780,   6 230,   8 507,   10 975
Zacatecas,90 a 94 años,   1 915,   2 355,   2 522,   2 572,   2 832,   4 569
Zacatecas,95 a 99 años,    693,    933,   1 331,   1 188,   1 176,   1 723
Zacatecas,100 años y más,    273,    192,    260,    267,    253,    239
Zacatecas,No especificado,   3 095,   2 205,   8 530,   10 915,   13 218,   1 858
